検索エンジン,ランク順位,url,h1タグ,pタグ
Google,1,https://ja.wikipedia.org/wiki/%E3%82%AA%E3%83%AC%E3%83%B3%E3%82%B8%E3%82%B8%E3%83%A5%E3%83%BC%E3%82%B9,"[""オレンジジュース""]","[""オレンジジュースは、オレンジの果実を搾るなどして得られる果汁飲料（ジュース）である。"", ""日本では、農林物資の規格化及び品質表示の適正化に関する法律（以下「JAS法」）の通達により、オレンジ、及び規定の添加物のみが配合された飲料と定められている。そのため、温州みかん100%のジュースは、JAS法における表示は「うんしゅうみかんジュース」、温州みかん果汁とオレンジ果汁を混合した果汁100%ジュースは、同じく「ミックス果汁ジュース」と表示することとなっている。果汁100%でなければ、オレンジの断面を印刷したパッケージを使用してはいけないと定められている。本稿ではこれらのジュースのほか、オレンジ果汁を混合した「果汁入り飲料」や「清涼飲料水」についても記す。"", ""オレンジジュースはオレンジを搾って作られる液体で、主に飲料として用いられるが、このほかにも料理（製菓）の材料として使われることもあり、また清涼飲料水の風味付けなどにも用いられる。オレンジ1個からはおおよそ90グラムのオレンジジュースが得られ、オレンジ固有の香りや風味（酸味・甘みを主として、苦味などを含む）および色（オレンジ色）をもつ。"", ""オレンジに含まれる栄養素を含み、ビタミンCや食物繊維が豊富とされ、朝食の補助メニューとしてやおやつにおける飲料、あるいは単に飲み物として喉を潤すなどする際に、これら栄養素の摂取を期待して飲まれる。なおビタミンC含有量に関しては製法や保存状況によっても異なる。"", ""オレンジジュースは単に果実としてのオレンジを搾ることで作られるわけだが、これはオレンジそのものよりも保存性がよく、こと濃縮されたものは液体コンテナに詰められ、貿易用の物資として世界規模で流通しており、先物取引の市場でもオレンジジュース（FCOJ：冷凍濃縮オレンジジュース）は一定規模で扱われる商品である。"", ""FCOJは果汁を凍結させ、その過程で氷の結晶が不純物としてオレンジの水以外の成分を残して凍結する性質を利用したり、フリーズドライの要領で水分を90%以上取り除いたもので、見た目はオレンジ色のワックスに似た高い粘性を持つ液体である。このように濃縮してできた液体を密閉容器に収めるなど酸素を遮断しながら冷蔵保存することで長期間の保存や輸送に耐える。古くは加熱によって水分を蒸発させたりもしたようだが、加熱濃縮では風味や栄養価が劣るため、今日では風味も栄養価も良い冷凍濃縮が主流である。"", ""今日コンビニエンスストアやスーパーマーケットの店頭で紙パックやペットボトルなどに充填され販売されているものは、おおむねこのFCOJを濃縮還元したオレンジジュース（FCOJに水を加えて一定濃度に戻したもの）である。これら濃縮還元オレンジジュースは、FCOJが工業単位で生産されることから小売単価も安く、一般にビタミンCの簡便安価な供給源として親しまれている。"", ""愛知県豊橋市三河港に、日本最大級のジュース専用ターミナル「日本ジュース・ターミナル（NJT）」があり、ブラジルから専用タンカーで運ばれてきた濃縮オレンジジュースの受入れ、冷蔵保管、タンク間移送、在庫管理、品質管理、ブレンド、形態別充填作業及び全国各地の飲料メーカー、ボトラー、パッカーへの出荷を行っている。"", ""2000年代からの原油価格上昇に伴い、日本では2007年5月に飲料メーカー各社が一斉にオレンジジュース値上げに踏み切った。ただしこれは米国フロリダ州が2005年にハリケーン・カトリーナの被害に見舞われオレンジの生産が落ちていたことも関連しており、1割程度の値上げとなった。なお2007年度末には被災地域の回復にも伴いFCOJ市場価格が落ち着きを見せ、一般に販売されるオレンジジュースの価格も、一部では値上げ前の水準に近づいている。"", ""カクテルには、しばしば柑橘系の果実が用いられる。オレンジも例外ではなく、しばしばその果汁（オレンジジュース）は材料（香り付けの役割もある）として使用され、オレンジジュースの独特の酸味と甘み、また柑橘類の特徴的な香りを生かしたレシピが見られる。（なお、果皮や果肉は、主に装飾や香り付けに利用される。）"", ""カクテルに加える場合は、絞りたての果汁（いわゆるフレッシュジュース）を使う場合もあれば、工業単位で大量生産されているため安価な濃縮還元オレンジジュースが使われる場合もある。ただし、基本的に濃縮還元のものを含めて、オレンジジュースは果汁100%のものを用いる。カクテルには砂糖も使用されるため、甘味料などが添加されていてはあまり意味がない。と言うのも酒が使用される通常のカクテルの場合、オレンジジュースは副材料の扱いであり、あくまで脇役ではあるものの、カクテルにした以上、使用した全ての材料の風味が活きないと意味がないからである。このため、基本的にはフレッシュジュースの使用が推奨される。"", ""オレンジジュースは様々なカクテルに使用されている。酒類にオレンジジュースを加えることは様々に試され、また飲用されているのである。"", ""なお、副材料としてオレンジジュースを単独で用いる例だけはなく、他の果実の果汁と混合して用いられることもある。"", ""オレンジジュースが使用されたカクテルには、「オレンジ・＊＊」と呼ばれるものが複数存在する。オレンジ・ブロッサムやオレンジ・フィズなどがその例である。"", ""また、何らかの酒をオレンジジュースで割ったものは「（酒の名前）・オレンジ」と呼ばれる場合が複数存在する。カシス・オレンジやカンパリ・オレンジなどがその例である。もちろん名称に「オレンジ」と付かないカクテルも存在するので、以下にその例を記載する。"", ""オレンジジュースは、バーなどで雰囲気を壊さないためなどに飲まれるノンアルコールカクテルにも用いられる。以下にその例を挙げる。"", ""焼酎をオレンジジュースで割ったチューハイもみられる。"", ""果汁100%のオレンジジュースは、クエン酸の腸内への刺激が強いため、人によっては下痢を引き起こすことがある。""]"
Google,2,http://macrobiotic-daisuki.jp/orangejuice-erabikata-91069.html,[],"[""「500mlの清涼飲料水には、50*60ｇの糖分が含まれています。砂糖にするとコップ半分くらいです。この量を500ml.の水に溶かすと、そのままでは飲めないというくらいの「甘すぎるシロップ液」です。しかし、それに「クエン酸」などの酸味料を入れ、数十種類の化学物質が配合された香料で香り付けし、着色料で色をつけると、「あっおいしい」「いつも飲んでいる味だ」と皆さんが思わず言う「清涼飲料水」になります。」"", ""この事実を知ってしまうと、個人的にはいくら羽目を外したとしても、「清涼飲料水」は子どもには飲ませたくなくなってしまいます。やはり、「せめて果汁１００％のものを」となりますよね。"", ""濃縮果汁とは「果実の搾汁を濃縮したもの若しくはこれに果実の搾汁、果実の搾汁を濃縮したもの若しくは還元果汁を混合したもの又はこれらに砂糖類、はちみつ等を加えたもの・・・」果実ジュースとは「１種類の果実の搾汁若しくは還元果汁又はこれらに砂糖類、はちみつ等を加えたものをいう。・・・」"", ""参照：消費者庁「果実飲料品質表示基準」とあります。「果汁100％ジュースに、砂糖が入っているかもしれないなんて・・・」それだけでもショッキングですが、個人的に気になるのは、砂糖類です。※消費者庁「果実飲料品質表示基準」より一部抜粋なんと、砂糖だけでなくこれだけの「糖類」が加えられてもよいことになっています。これは、国際規格基準であるコーデックスと日本のＪＡＳ法の大きな違いです。あなたが手に取ったその「100％ジュース」、裏の表示に「加糖」の表示はありませんか？"", ""果汁の流通状況・国内に流通する果汁は約40万tあり、そのうち約90%を輸入果汁が占めている。・国産果汁価格は、輸入果汁価格（183.6円/kg）の約2*3倍である。"", ""参照消費者庁食品表示課「果実飲料の流通状況」から一部抜粋このデータから、「ジュース」の原材料のほとんどが輸入フルーツだとわかります。輸入フルーツというと、どうしても残留農薬やポストハーベストが気になりますよね。2006年から導入された残留農薬ポジティブリスト制度により残留農薬が基準値を超えていないか、また、基準値が設定されていない農薬は一律0.01ppmを超えていないかチェックされていますが、決してゼロではありません。先日、アメリカ産のオレンジを頂いたのですが普段自分では買わないものなので、冷蔵庫の奥に入れたままその存在をすっかり忘れていました。最近、大掃除をしようと冷蔵庫を整理していて発見したそのオレンジ。頂いてから2か月以上経過しているにも関わらず、全く傷んでいませんでした。包丁でカットしてもみずみずしく、「新鮮な」オレンジそのもの。一方、箱買いした産地直送のみかんは、食べきる前にいくつか傷んでしまいます。国産だから安全とは言えないことは重々承知していますが、でも、数か月たっても腐らない、安価すぎるオレンジの搾り汁でできている「果汁１００％」のオレンジジュース。私は、愛する子どもたちに飲ませたくありません。東京都の調査によると、輸入オレンジの検体からは農薬が検出されていますが、国産のみかんからは検出されていません。参照：東京都市場衛生検査所「平成28年度青果物の残留農薬検査結果」"", ""この記事が気に入ったらいいね！しよう"", ""いいね！して、INYOUの最新記事を受け取ろう。"", ""古くから民間療法で使われ続けてきたビワの葉の驚くべき力とは？家庭ですぐに取り入れられる万能活用法。ビワの葉エキス、ビワの葉ローション、ビワの葉茶などの作り方。"", ""飲み会の多い時期に知っておきたい裏技テクニック。飲む前に果物で二日酔い予防する方法"", ""この記事へのコメントはありません。"", ""この記事へのトラックバックはありません。"", ""9,613ビュー"", ""4,567ビュー"", ""3,418ビュー"", ""2,971ビュー"", ""2,866ビュー"", ""2,184ビュー"", ""1,763ビュー"", ""1,650ビュー"", ""1,648ビュー"", ""1,478ビュー"", ""1,363ビュー"", ""1,199ビュー"", ""934ビュー"", ""574ビュー"", ""418ビュー"", ""392ビュー"", ""382ビュー"", ""335ビュー"", ""334ビュー"", ""330ビュー"", ""4,567ビュー"", ""3,418ビュー"", ""2,971ビュー"", ""2,867ビュー"", ""2,184ビュー"", ""1,763ビュー"", ""1,648ビュー"", ""1,478ビュー"", ""1,363ビュー"", ""1,249ビュー"", ""INYOUは、東洋思想の１つである陰陽調和論をベースとしたオーガニック・ライフを提案するオーガニックメディアです。日常で買う商品、生活習慣、考え方を見直すきっかけと、病気にかかりにくい体を作るための「今すぐ使える情報」を提供します。"", ""Copyright**INYOU|OrganicLifetoallthepeople.Allrightsreserved.""]"
Google,3,https://macaro-ni.jp/19923,"[""いつ飲むのがいい？「オレンジジュース」の効果効能を調べてみた""]","[""毎日をもっとおいしく"", ""幼い頃から馴染みの深い「オレンジジュース」。実は、いろんな効果効能が期待できるとされているんですよ。今回はオレンジジュースに含まれている栄養素や効果効能、飲み過ぎによる影響、飲むのにおすすめのタイミングまで調べてみました！"", ""1/2ページ"", ""ピックアップ"", ""PICKUPARTICLES"", ""recipe"", ""ママ楽ちん。子どもが「ひとりで」作れる定番サラダ"", ""関連記事"", ""RELATEDARTICLES"", ""recipe"", ""オレンジジュースで簡単！もっちりぷるぷる水玉ゼリー"", ""recipe"", ""休日ブランチに！「ノンアルコールドリンク」のアレンジレシピ10選"", ""recipe"", ""みんなで乾杯！たっぷりフルーツのノンアルコールサングリア"", ""recipe"", ""【基本】おしゃれな「クレープシュゼット」のレシピ。家でも作れる！"", ""recipe"", ""ほんのり大人味！フレッシュオレンジのクレープシュゼット"", ""recipe"", ""さっぱりだけどガッツリ！「オレンジビーフ」のレシピ"", ""recipe"", ""お菓子からおかずまで！「オレンジピール」の作り方と人気レシピ９選"", ""recipe"", ""レモンとオレンジのハーフ*マイヤーレモンを使ったアレンジレシピまとめ"", ""特集"", ""SPECIALCONTENTS"", ""夏でも冬でもアイスが食べたい！そんなアイスクリームラバーに贈る、おすすめレシピ＆ショップまとめです。"", ""青い空、白い雲、萌える緑とおいしいごはん。ピクニック気分が盛り上がるレシピやグルメ情報をお届けします。"", ""WRITER"", ""charlotte"", ""目次"", ""オレンジジュースに含まれている栄養成分"", ""【健康】オレンジジュースの効果効能"", ""【美容】オレンジジュースの効果効能"", ""オレンジジュースを飲み過ぎたらどうなる？"", ""朝？夜？オレンジジュースの効果的な飲み方"", ""Let’sオレンジジュース生活！"", ""カテゴリー"", ""CATEGORY"", ""トレンドニュース"", ""レシピ"", ""グルメ&おでかけ"", ""リビング&キッチン"", ""ヘルス&ビューティー"", ""特集"", ""ランキング"", ""RANKING"", ""休暇太りを解消セヨ。増えた体重を元に戻すコツ５つ"", ""食べ過ぎた…！脂っこい食事をリセットする４つの秘訣"", ""毎日更新！SNSで逃さずチェックしよう"", ""月間ユーザー"", ""1,000万"", ""突破!"", ""アプリでもっと楽しく。"", ""通勤やランチ、おやすみ前に、アプリでサクサク快適。"", ""ちょっとした時間で、食のトレンドに詳しくなるアプリ。"", ""毎日をもっとおいしく""]"
Google,4,https://search.rakuten.co.jp/search/mall/%E3%82%AA%E3%83%AC%E3%83%B3%E3%82%B8%E3%82%B8%E3%83%A5%E3%83%BC%E3%82%B9/,"[""「オレンジジュース」の検索結果""]","[""「お知らせ」とは"", ""各商品の送料をクリックすると、詳細が確認できます"", ""注文締め切り時間前にご注文いただけましたら、ご注文日の翌日に商品をお届けします。注文締め切り時間や翌日のお届けが可能な配送エリアは各ショップにより異なります。"", ""楽天プレミアム会員であれば、送料分ポイント還元などの特典を受けられます。"", ""楽天学割は15-25歳の学生限定のサービスです。無料の登録でお買い物が送料無料に！"", ""配達先の都道府県は上部または左部から変更できます。"", ""楽天倉庫に在庫がある商品です。安心安全の品質にてお届け致します。(一部地域については店舗から出荷する場合もございます。)"", ""お探しの商品が登録(入荷)されたら、メールでお知らせします。"", ""キーワード「オレンジジュース」を登録"", ""もっと見る"", ""商品の検索でお困りの場合、探し方をチャットでご質問いただけます。"", ""※対話形式のチャットを開きます。"", ""楽天のスタッフに質問する"", ""商品の検索機能、検索結果ページについて、ご意見・ご要望をお聞かせください。"", ""いただいたご意見は、今後のサイト改善の参考にさせていただきます。"", ""貴重なご意見をいただき、ありがとうございました。""]"
Google,5,https://search.rakuten.co.jp/search/mall/100%25+%E3%82%AA%E3%83%AC%E3%83%B3%E3%82%B8%E3%82%B8%E3%83%A5%E3%83%BC%E3%82%B9/,"[""「100%オレンジジュース」の検索結果""]","[""「お知らせ」とは"", ""各商品の送料をクリックすると、詳細が確認できます"", ""注文締め切り時間前にご注文いただけましたら、ご注文日の翌日に商品をお届けします。注文締め切り時間や翌日のお届けが可能な配送エリアは各ショップにより異なります。"", ""楽天プレミアム会員であれば、送料分ポイント還元などの特典を受けられます。"", ""楽天学割は15-25歳の学生限定のサービスです。無料の登録でお買い物が送料無料に！"", ""配達先の都道府県は上部または左部から変更できます。"", ""楽天倉庫に在庫がある商品です。安心安全の品質にてお届け致します。(一部地域については店舗から出荷する場合もございます。)"", ""お探しの商品が登録(入荷)されたら、メールでお知らせします。"", ""キーワード「100%オレンジジュース」を登録"", ""もっと見る"", ""商品の検索でお困りの場合、探し方をチャットでご質問いただけます。"", ""※対話形式のチャットを開きます。"", ""楽天のスタッフに質問する"", ""商品の検索機能、検索結果ページについて、ご意見・ご要望をお聞かせください。"", ""いただいたご意見は、今後のサイト改善の参考にさせていただきます。"", ""貴重なご意見をいただき、ありがとうございました。""]"
Google,6,https://minnakenko.jp/orenjijuusu-meritto/,"[""オレンジジュースを飲むメリット""]","[""オレンジジュースには、ジュースになることでオレンジの成分がより濃縮されており、それによって果物のオレンジよりも体に良い効果を多くもたらすので、数多くのメリットがあると言えます。"", ""オレンジジュースは胃に効く性質を数多く持っていることが証明されています。胃の機能を調整する能力があり、以下のような臓器機能における合併症を防いでいます。"", ""オレンジジュースには、すばらしいアルカリ化作用があり、これは血液を浄化するためにとても重要です。これにより、酸が分解されることで、酸が腎臓内に留まったり、腎臓結石ができたりするのを防いでくれます。"", ""尿酸は、腎臓結石の最大の原因です。オレンジジュースはこれをアルカリ化することに加えて、その代謝にも大きな影響を与えます。"", ""さらに、オレンジジュースを飲むことによって、以下の病気に悩む人たちの役に立ちます。"", ""尿酸は、痛風や関節痛の人々の関節に堆積し、とても強い痛みを引き起こします。オレンジジュースは、この酸をアルカリ化し、その値を下げ、これらの病気にかかった人たちの健康状態を大きく改善します。"", ""オレンジジュースは、その果物にはほとんど砂糖が含まれず、また利尿作用があるため、糖尿病の患者さんたちにもオススメです。これによって、血糖値を調整することができ、また、ビタミンCが多く含まれるため、２型糖尿病の人たちに効果があり、感染症、治癒力の低下、視力の低下など、その病気が身体にもたらす影響から身体を守ってくれます。"", ""*"", ""オレンジジュースに含まれるビタミンCには、素晴らしい抗酸化作用があります。これによって、オレンジジュースは、身体の老化を引き起こす体内のフリーラジカルの有害な作用に対してとても効果的です。たくさんのオレンジジュースを飲むことは、時間を重ねて人々の身体に起きる多くの痛みを予防したり、最低でも遅らせたりすることができます。具体的には以下のような症状に効果があります。"", ""前"", ""セルライトの対処法"", ""最近"", ""家庭で作れるオーガニックシャンプー"", ""*2018みんな健康|このサイトでは、身体及び精神の健康について、また、体のケアの仕方や自然食品などの記事を掲載します。""]"
Google,7,https://lohaco.jp/g4/51-5104-5109001-51090010001/,"[""「オレンジジュース」の商品一覧""]","[""Yahoo!JAPANIDに新規取得/ログインしてお買い物するとポイントが毎日おトク！"", ""Yahoo!JAPANIDはお持ちですか？"", ""Yahoo!JAPANIDでログインすると、購入金額に応じてポイントがたまります。"", ""合計(税込)"", ""1,900円(税込)で基本配送料無料！"", ""（※一部地域・一部商品を除く）"", ""アウトレット46%OFF"", ""【アウトレット】エルビーFruitsSelectionオレンジ200ml20291箱（200ｍｌ×24本入）"", ""￥1,358（税込）"", ""13ポイント"", ""LOHACOから発送（￥1,900以上で基本配送料無料）"", ""17時までのご注文で最短翌日お届け"", ""￥1,358（税込）"", ""1本あたり￥56.6（税込）"", ""13ポイント"", ""カゴに入れる"", ""キリンビバレッジトロピカーナ100%オレンジ330ml1箱（24本入）"", ""￥2,112（税込）"", ""21ポイント"", ""LOHACOから発送（￥1,900以上で基本配送料無料）"", ""17時までのご注文で最短翌日お届け"", ""￥2,112（税込）"", ""1本あたり￥88（税込）"", ""21ポイント"", ""カゴに入れる"", ""キリンビバレッジトロピカーナ100%オレンジ1L1箱（6本入）"", ""￥1,188（税込）"", ""11ポイント"", ""LOHACOから発送（￥1,900以上で基本配送料無料）"", ""17時までのご注文で最短翌日お届け"", ""￥1,188（税込）"", ""1本あたり￥198（税込）"", ""11ポイント"", ""カゴに入れる"", ""アサヒ飲料バヤリースホテルブレックファーストオレンジブレンド1.5L1セット（2本）"", ""￥552（税込）"", ""5ポイント"", ""LOHACOから発送（￥1,900以上で基本配送料無料）"", ""17時までのご注文で最短翌日お届け"", ""￥552（税込）"", ""1本あたり￥276（税込）"", ""5ポイント"", ""カゴに入れる"", ""キリンビバレッジトロピカーナ100%オレンジ330ml1セット（6本）"", ""￥528（税込）"", ""5ポイント"", ""LOHACOから発送（￥1,900以上で基本配送料無料）"", ""17時までのご注文で最短翌日お届け"", ""￥528（税込）"", ""1本あたり￥88（税込）"", ""5ポイント"", ""カゴに入れる"", ""コカ・コーラミニッツメイドＱｏｏみかん1.5L1箱（8本入）"", ""￥1,279（税込）"", ""12ポイント"", ""LOHACOから発送（￥1,900以上で基本配送料無料）"", ""17時までのご注文で最短翌日お届け"", ""￥1,279（税込）"", ""1本あたり￥159.9（税込）"", ""12ポイント"", ""カゴに入れる"", ""サントリーなっちゃんオレンジ425ml1箱（24本入）"", ""￥2,396（税込）"", ""23ポイント"", ""LOHACOから発送（￥1,900以上で基本配送料無料）"", ""17時までのご注文で最短翌日お届け"", ""￥2,396（税込）"", ""1本あたり￥99.9（税込）"", ""23ポイント"", ""カゴに入れる"", ""残り2点"", ""バヤリースホテルブレックファーストオレンジ100200ml1箱（24本入）"", ""￥1,632（税込）"", ""16ポイント"", ""LOHACOから発送（￥1,900以上で基本配送料無料）"", ""17時までのご注文で最短翌日お届け"", ""￥1,632（税込）"", ""1本あたり￥68（税込）"", ""16ポイント"", ""カゴに入れる"", ""カルピスウェルチオレンジ100800g1セット（2本）"", ""￥613（税込）"", ""6ポイント"", ""LOHACOから発送（￥1,900以上で基本配送料無料）"", ""17時までのご注文で最短翌日お届け"", ""￥613（税込）"", ""1本あたり￥306.5（税込）"", ""6ポイント"", ""カゴに入れる"", ""カゴメ果汁100％オレンジジュース（こども支援パッケージ）100ml1箱（18本入）"", ""￥1,074（税込）"", ""10ポイント"", ""定期便ならポイント10倍"", ""LOHACOから発送（￥1,900以上で基本配送料無料）"", ""17時までのご注文で最短翌日お届け"", ""￥1,074（税込）"", ""1本あたり￥59.7（税込）"", ""10ポイント"", ""定期便ならポイント10倍"", ""カゴに入れる"", ""26%OFF"", ""ポッカサッポロフード＆ビバレッジつぶたっぷり贅沢みかん400ml51681セット（6缶）"", ""￥755（税込）"", ""7ポイント"", ""LOHACOから発送（￥1,900以上で基本配送料無料）"", ""17時までのご注文で最短翌日お届け"", ""￥755（税込）"", ""1缶あたり￥125.9（税込）"", ""7ポイント"", ""カゴに入れる"", ""アサヒ飲料バヤリースオレンジ1.5L1セット（2本）"", ""￥366（税込）"", ""3ポイント"", ""LOHACOから発送（￥1,900以上で基本配送料無料）"", ""17時までのご注文で最短翌日お届け"", ""￥366（税込）"", ""1本あたり￥183（税込）"", ""3ポイント"", ""カゴに入れる"", ""アサヒ飲料バヤリースオレンジ430ml1箱（24本入）"", ""￥2,352（税込）"", ""23ポイント"", ""LOHACOから発送（￥1,900以上で基本配送料無料）"", ""17時までのご注文で最短翌日お届け"", ""￥2,352（税込）"", ""1本あたり￥98（税込）"", ""23ポイント"", ""カゴに入れる"", ""アサヒ飲料バヤリースすっきりオレンジ245g1箱（30缶入）"", ""￥1,512（税込）"", ""15ポイント"", ""LOHACOから発送（￥1,900以上で基本配送料無料）"", ""17時までのご注文で最短翌日お届け"", ""￥1,512（税込）"", ""1缶あたり￥50.4（税込）"", ""15ポイント"", ""カゴに入れる"", ""残り6点"", ""アサヒ飲料バヤリースオレンジ1.5Ｌ1箱（8本入）"", ""￥1,344（税込）"", ""13ポイント"", ""LOHACOから発送（￥1,900以上で基本配送料無料）"", ""17時までのご注文で最短翌日お届け"", ""￥1,344（税込）"", ""1本あたり￥168（税込）"", ""13ポイント"", ""カゴに入れる"", ""残り6点"", ""キリンビバレッジ小岩井純水みかん430ml1セット（6本）"", ""￥588（税込）"", ""5ポイント"", ""LOHACOから発送（￥1,900以上で基本配送料無料）"", ""17時までのご注文で最短翌日お届け"", ""￥588（税込）"", ""1本あたり￥98（税込）"", ""5ポイント"", ""カゴに入れる"", ""サントリーなっちゃんオレンジ425mｌ1セット(6本）"", ""￥708（税込）"", ""7ポイント"", ""LOHACOから発送（￥1,900以上で基本配送料無料）"", ""17時までのご注文で最短翌日お届け"", ""￥708（税込）"", ""1本あたり￥118（税込）"", ""7ポイント"", ""カゴに入れる"", ""残り8点"", ""アサヒ飲料バヤリースホテルブレックファーストオレンジブレンド1.5L1箱（8本入）"", ""￥2,205（税込）"", ""22ポイント"", ""LOHACOから発送（￥1,900以上で基本配送料無料）"", ""17時までのご注文で最短翌日お届け"", ""￥2,205（税込）"", ""1本あたり￥275.7（税込）"", ""22ポイント"", ""カゴに入れる"", ""キリンビバレッジトロピカーナ100%オレンジ160g1箱（30缶入）"", ""￥2,157（税込）"", ""21ポイント"", ""LOHACOから発送（￥1,900以上で基本配送料無料）"", ""17時までのご注文で最短翌日お届け"", ""￥2,157（税込）"", ""1缶あたり￥71.9（税込）"", ""21ポイント"", ""カゴに入れる"", ""残り2点"", ""キリンビバレッジトロピカーナ100%オレンジ250ml紙パック1箱（24本入）"", ""￥2,172（税込）"", ""21ポイント"", ""定期便ならポイント5倍"", ""LOHACOから発送（￥1,900以上で基本配送料無料）"", ""17時までのご注文で最短翌日お届け"", ""￥2,172（税込）"", ""1本あたり￥90.5（税込）"", ""21ポイント"", ""定期便ならポイント5倍"", ""カゴに入れる"", ""次へ"", ""お探しの商品はみつかりましたか？はいいいえ"", ""商品の分類や、キーワード検索など商品検索について、具体的なご意見をお聞かせください。今後のサイト改善の参考にさせていただきます。ご入力いただいたご意見に対しては、アスクルから直接回答はしておりませんので、ご了承ください。"", ""決定"", ""ご回答ありがとうございました"", ""ご入力の内容は、今後のサービス改善等に役立たさせていただきます。"", ""解除"", ""解除"", ""解除"", ""解除"", ""解除"", ""解除"", ""解除"", ""解除"", ""解除"", ""解除"", ""解除"", ""￥"", ""*￥"", ""絞り込む"", ""カテゴリから探す"", ""おトクな情報配信中！"", ""ロハコアプリで、もっとお得にお買い物"", ""毎月5のつく日はポイント5倍！"", ""ロハコはアスクル株式会社がヤフー株式会社の協力により運営する一般消費者向けの通販・ネットショッピングサイトです。"", ""表示価格は税込です。商品の販売価格は必ず注文確認画面にてご確認ください。"", ""2018***ASKUL*Corporation.*All*rights*reserved."", ""ロハコについてお気軽にご質問ください"", ""お客様サポート"", ""お客様の声をお聞かせください"", ""お客様の声で、LOHACOは成長します。こちらの投稿にはお返事はしておりませんが、スタッフがすべて拝見します。"", ""ロハコに意見を送る"", ""ロハコについてお気軽にご質問ください"", ""お客様サポート"", ""ご意見ありがとうございます"", ""いただきましたご意見はサービス向上に役立たせていただきます"", ""閉じる"", ""商品をカゴに入れました"", ""お買い物を続けるカゴを見る"", ""医薬品に関するご質問及びご購入の検討、お求め頂いたお客様からのお問い合わせ等は、以下までご連絡ください。"", ""※お客様とのお電話の内容を正確に確認するため通話録音をおこなっております。あらかじめご了承ください。"", ""※受付時間外のお問い合わせにつきましては、翌日以降の返信とさせていただきます。"", ""※お問い合わせ内容により、返信にお時間をいただく場合がございます。"", ""閉じる"", ""商品をカゴに入れました"", ""お買い物を続けるカゴを見る""]"
Google,8,https://www.huffingtonpost.jp/2017/03/18/100-percent-orange-juice_n_15444052.html,"[""アメリカの「果汁100％オレンジジュース」は、思っているほど天然ではないかもしれない""]","[""「果汁100％のストレートオレンジジュース」1パックを店で購入するとき、たいてい手間をかけて絞ったオレンジを思い浮かべるだろう。こんな風に。"", ""YOUTUBE:TELUGATASTEBUDS"", ""手間をかけて熟したオレンジを手で絞る。"", ""商品名からすれば、そう考えるのも無理はない。しかしほとんどの場合、それは事実とまったくかけ離れたイメージだ。私たちが飲む市販のオレンジジュースは、実際は巨大な機械でオレンジを粉砕して絞ったものだ。"", ""市販のオレンジジュースの製造方法はこんな感じだ。"", ""YOUTUBE:APLUVIDEO4UF"", ""市販のオレンジジュース製造工場で絞られるオレンジ。"", ""これだけだとそこまで悪いことではないが、これだけではない。2010年のアリッサ・ハミルトン氏の著書『Squeezed:WhatYouDon'tKnowaboutOrangeJuice』によると、市販のオレンジジュースが出来上がるまでに、さらに多くの工程があるという。そしてそれは「天然」と呼ぶにはほど遠いものだ。"", ""オレンジの旬は1年の特定の時期だけで、種類によってその時期は異なる。しかし1年中需要があるため、オレンジジュースの製造会社は長期間ジュースを保存しておかなければならない。そのため、劣化しないようにジュースを数百万リットル単位で無菌タンクに入れ、酸素を取り除いて保管する。"", ""知っておくべきことがある。ジュースから酸素を取り除くとき、ジュースの風味や香りを生む天然の化学物質も大量に取り除かれる。フロリダ州政府柑橘局のカレン・マティス氏は2011年、ハフィントンポストUS版に次のように語った。"", ""つまり瓶詰めされる前、ジュースは業界でフレーバーパックと呼ばれる風味と香りの後付けをしている。これは自然食品の会社ではなく、香料を扱う会社が担当している。そう、あなたの香水を作っているのと同じ会社だ。"", ""風味を後で添加するため、オレンジ自体の味はそれぞれ違っても、そのメーカーの作るオレンジジュースはどのパックもまったく同じ味になる。さらに、各メーカーは独自の味を開発しているので、ブランドごとに異なる風味になる。"", ""アメリカでは、成分表示に添加された風味についての記載がない。これは食品会社に法的な記載義務がないからだ（人工的な成分ではなく、果実から採ったエキスやオイルから作られているため）。これは食品に含まれる、ある種の成分と比べればそれほど恐ろしいものではないが、オレンジジュースが加工食品なのは明らかだ。"", ""これからは自分でオレンジを絞ってジュースを作る方がいいかもしれない。"", ""【編注・本文に記述されている製造工程や成分表示はアメリカに関するものです】"", ""ハフィントンポストUS版より翻訳・加筆しました。"", ""▼画像集が開きます"", ""アメリカのオレンジジュースアメリカのオレンジジュース1of10このスライドをシェア:"", ""このスライドをシェア:"", ""（スライドショーが見られない方はこちらへ）"", ""選りすぐりのニュースやブログをお届けします（広告などが掲載される場合もございます）もっと読む""]"
Google,9,http://sooooos.com/topics/100%EF%BC%85%E3%82%AA%E3%83%AC%E3%83%B3%E3%82%B8%E3%82%B8%E3%83%A5%E3%83%BC%E3%82%B9%E3%81%AF%E7%BE%8E%E5%AE%B9%E3%83%BB%E5%81%A5%E5%BA%B7%E3%81%AE%E4%B8%87%E8%83%BD%E8%96%AC%EF%BC%9F%E3%81%AA/,"[""100％オレンジジュースは美容・健康の万能薬？なぜそう言われているの？""]","["">「あした、あさって」記事一覧に戻る"", ""子どもも大好き、安価で美味しい100％オレンジジュースは大人にもおすすめの健康飲料です。"", ""職場のオジサマ方が良く交わしている会話に血圧トークがありますね。高血圧気味の中高年サラリーマンたちは言わば高血圧症の予備群。まだ医者にかかるほどではないけれど、毎回検査にひっかかる、というような人が多いものです。"", ""そんな方々の予防対策として度々話に登場するのがオレンジジュース。どうやら血圧に効くらしいのですが、オレンジをそのまま食べた方が良いだとか、みかんジュースの方が効くなど色々な説が飛び交っていて、どうもいま一歩ハッキリしません。"", ""そんなオジサマ方も注目するオレンジジュースの効果について、ちょっと調べてみました。本当に血圧に効くのでしょうか？他にも体に良い効能があるのでしょうか？"", ""血圧を下げる食べ物＝血液をサラサラにして血管を強くする食べ物、と考えれば、青魚に含まれているDHAや各種緑黄色野菜など、さまざまな食物にその効果は認められます。"", ""そんな中で、オレンジジュースが血圧に効くという説は、アメリカの医薬局が公式に発表しています。その効果はオレンジジュースに大量に含まれるカリウムという成分にあり。"", ""カリウムは体内に余分に溜まったナトリウムを排出してくれる役割をします。体内のナトリウムとはつまり塩分のこと。高血圧にとって過剰な塩分は大敵です。体が水分不足になり、血管が詰まりやすくなるからです。"", ""アメリカですからオレンジジュースというだけで、実はみかんなどの柑橘類にもカリウムはたくさん含まれています。ですからオレンジジュースが血圧に効くというのもみかんジュースが効くというのも、どちらも正解、手に入り易い方を飲めば良いのです。"", ""血圧にオレンジジュースが効くというのは分かりましたが、高血圧にはあまり縁のない若い女性にとってメリットはないのでしょうか？"", ""実はオレンジジュースのカリウムは、女性の美容、体調管理にとっても優れものの成分なのです。カリウムは体内の余分な塩分を排出してくれると言いましたが、これはむくみを改善してくれます。午後になると足や顔がむくんでしまうと言う人は、朝オレンジジュースを飲むと良いでしょう。"", ""また、お酒の飲み過ぎや下痢が続いたあと、体調がなかなか戻らないことはありませんか？だるい、体がピリピリするという症状にもオレンジジュースは効果的です。これはアルコールなどで体の水分が抜けてしまい、水分不足になっているために起きる症状です。オレンジジュースのカリウムで、濃くなった塩分の排出を促します。"", ""オレンジジュースの素敵な効果、いかがでしたか？"", ""ビタミンCも豊富なので、美白、風邪予防にも効果的。ぜひ毎日2杯を目安に飲んで見て下さいね。ただし甘いので、飲み過ぎカロリーオーバーにだけは注意です。"", ""*"", ""by*komi"", "">「あした、あさって」記事一覧に戻る"", ""美容にも！健康にも！沖縄の健康長寿食青パパイヤの美味しいレシピ３選"", ""太りそうというだけで避けるのはもったいない！便秘解消方法としてさつまいもをお勧めする理由"", ""大変！健康だけではなく美容にも影響が。便秘をすぐに改善したいあなたに！"", ""体の老化を招くAGEsって何？"", ""音がもたらす心理的影響は大！音を選んで、うまく気持ちのバランス調整を！"", ""TOPへ"", ""ご案内"", ""お知らせ"", ""規約"", ""運営"", ""募集"", ""お問い合わせ"", ""info@sooooos.com"", ""03-3541-4870"", ""平日10時*18時（土・日・祝は休み）"", ""※電話注文・大口注文のご相談もこちらからどうぞ"", ""メールで問い合わせる"", ""*SoooooS.Co.,Ltd.AllRightsReserved.""]"
Google,10,http://mikakukyokai.net/2015/01/17/pom/,"[""味覚ステーション"", ""ポンジュースがおいしい理由*「濃縮還元」「オレンジジュース」表示の秘密*""]","[""味覚の豆知識"", ""おいしい,ジュース"", ""mikaku"", ""突然ですが、あなたの一番好きな「オレンジジュース」は何ですか？"", ""・ポンジュース？・バヤリース？・なっちゃんオレンジ？"", ""上の３つのどれかを答えたあなた、間違いです！これらの飲料は、どれも、正式には（JAS法に基づけば）「オレンジジュース」と言いません！"", ""*"", ""今日は、知っているようで実はほとんどの人が知らない、「オレンジジュース」の秘密をお話します！！"", ""*"", ""*"", ""さて、「オレンジジュース」というと、みなさん何を思い浮かべるでしょうか？"", ""近くのスーパーで見かける「オレンジジュース」5種をピックアップしてみます。"", ""１．「ポンジュース」"", ""*"", ""２．「バヤリース」"", ""*"", ""３．「なっちゃん」"", ""*"", ""４．「トロピカーナ」"", ""*"", ""５．「メイトーオレンジ100%」"", ""*"", ""この上記５つの飲料のうち、実は、そもそも「ジュース」ですらないもの（JAS法に基づけば「ジュース」と表示できないもの）があります。"", ""*"", ""それは、・「なっちゃん」・「バヤリース」です。"", ""*"", ""JAS法（農林物資の規格化等に関する法律）では、果汁１００％のもの以外は「ジュース」と表示してはいけないことになっています。"", ""「なっちゃん」や「バヤリース」は果汁１００％ではないため、「○○％果汁入り飲料」や「清涼飲料水」と表示されます。"", ""*"", ""ちなみに豆知識ですが、果汁１００％入りかどうか、をパッと見た目で判断するには、商品の外観に「果実の断面図」があるかどうか、で簡単に分かります。（バヤリースは、オレンジ顔のキャラクター「オレンジマン？」がラベルされていますが、もしこの「オレンジマン？」が顔にケガをして、中身が見えてしまったら法律違反となります。）"", ""*"", ""果汁１００％入りのジュースは「果実感」を追及していて、果汁１００％でないものは「飲みやすさ」を追及しているものであると思われますが、さすがに「果汁１００％かどうかは飲めば分かるよ！」という人がほとんどでしょう。しかし・・・"", ""*"", ""*"", ""そこで、当協会で味覚診断を実施頂いた方のうち18人を対象に、紙コップに「ポンジュース」と「メイトーオレンジ100%」を入れて、ブラインド（目隠し）でどっちがおいしいかアンケート実施しました。（何のジュースが入っているのかは分からない状況で、試飲してもらいました）"", ""「ポンジュース」"", ""「メイトーオレンジ100%」"", ""*"", ""その結果"", ""（ちなみに「伊右衛門特茶」と「ヘルシア緑茶」のおいしさ割合は同じでした。）"", ""*"", ""「ポンジュース」と「メイトーオレンジ100%」は値段も2倍くらい違いますし、「ポンジュースの方がおいしい」と答える人が多いのも納得します。"", ""*"", ""わかった！「メイトーオレンジ100%」⇒濃縮還元だけど「ポンジュース」⇒濃縮還元じゃないからだ！"", ""と思った方、きっとタイトルから素直に考えてくださったのだと思いますが・・・"", ""違います！！"", ""*"", ""「ポンジュース」も「メイトーオレンジ100%」も、濃縮還元です！（濃縮還元じゃないポンジュースもありますが、今回の比較で使用したポンジュースは「濃縮還元」のものです）"", ""*"", ""さて、*「濃縮還元」というワードがいきなり出てきましたが、正直よくわからないよ、という方もちらほらいるのではないでしょうか（私もちょっと前まで正直よくわかっていませんでした）。"", ""*"", ""と呼びます。"", ""*"", ""＜なぜ果汁を濃縮するの？＞水分を取り除いて量を減らすことにより、輸送や保管に必要なコストが減らせます！"", ""*"", ""＜なんでコストが減らせるの？＞例えば、海外から船で果汁を運ぶ場合、船１隻で果汁1000トン運べるとすると、濃縮しなかったら1000トンしか運べないのに対し、５倍濃縮したら5000トン分の果汁を運べます！果汁を5倍濃縮すると、燃料代とかの輸送コストが1/5になります。"", ""*"", ""＜どうやって果汁を濃縮するの？＞一般的な方法は「真空蒸発法」と呼ばれる方法です。（簡単に言うと、果汁を加熱して水分を蒸発させる、という方法です。）"", ""*"", ""＜果汁を加熱して濃縮すると味が変わってしまうのでは？＞その通りです。加熱して水分を蒸発させているうちに、香りも飛んでしまいます。"", ""*"", ""＜え？じゃあ香りがなくなっちゃうじゃん！＞香料（果汁由来のもの）を添加することで、果汁本来の香りを補填しています。"", ""*"", ""＜あれ？果汁１００％なのに、香料を添加していいの？香料の分だけ薄まってしまうから１００％にならないのでは？＞濃縮しているから問題ありません。例えば、もともと100Lの果汁を5倍濃縮して20Lにした場合、水を80L足すと、果汁100%（濃縮還元）となります。この、水80L足すところを、例えば水79Lだけ足して、余った１Lで香料を入れれば、果汁は100%です。"", ""*"", ""＜なるほど、ザ、ワールド＞・・・・。何言ってるかよくわからないです。"", ""*"", ""＜じゃあ、ストレート果汁100%には、香料とかの添加物は入ってないということ？＞基本的にはそういうことになります。"", ""*"", ""＜つまり、ストレート果汁の方が濃縮還元よりおいしい、ということでファイナルアンサー？＞一概にそうとは言えません。ストレート果汁は、果汁そのものなので、季節や果実の出来によっておいしさが左右されやすいです。濃縮還元は、多くの果汁が濃縮されているので味が均一になりやすいですし、香料や砂糖などを添加して味を調整することもできるので、人によっては「濃縮還元のほうが飲みやすくておいしい」と感じるはずです。"", ""*"", ""＜そういやこの前、レストランに「フレッシュジュース」ってあったけど、これは「ストレート果汁」のこと？＞「フレッシュジュース」と「ストレート果汁」は、違います。"", ""*"", ""＜何が違うのさ？＞「フレッシュジュース」は、その場で飲むことを前提としていることもあり、殺菌していません（果汁そのもの）。それに対し、「ストレート果汁」は、殺菌しています。"", ""*"", ""＜殺菌て、どうやって殺菌するの？＞基本的には、加熱殺菌です。濃縮の時の加熱よりは短いので、そこまで味は変わりませんが。加熱せずに殺菌する「加圧殺菌」などの方法もあり、殺菌方法の違いによって、おいしさも変わるようです。"", ""*"", ""＜なるほど、ザ、ありがとうございました。＞いえいえどういたしまして。"", ""*"", ""上の長ったらしい話をまとめると、下表になります。"", ""*"", ""*"", ""ちなみに余談ですが、世界のオレンジ生産量は、ブラジルが一番です。"", ""「濃縮還元」という技術により、ブラジルからオレンジ果汁が安く輸入できるようになり、今、私たちが、オレンジジュースを低価格でおいしく飲めるようになったのです！！"", ""*"", ""*"", ""さて、「濃縮還元」については分かりましたが、「ポンジュース」も「メイトーオレンジ100%」も同じ「濃縮還元」なので、「ポンジュース」のおいしさの理由はまだよく分かりません。"", ""しかし、意外なところに答えがあったのです！！"", ""「ポンジュース」の裏面にある表示を見てみましょう。"", ""「ポンジュース」の品名が、「果実ミックスジュース」になっています！「オレンジジュース」ではありません！！"", ""素材が違うから、当然、おいしさも違うのですね。"", ""つまり、「ポンジュース」がおいしい理由は、「オレンジジュース」じゃないから、なのです！"", ""*"", ""*"", ""・「オレンジ１００％ジュース」・「オレンジとみかんのミックスジュース」・「みかん１００％ジュース」をそれぞれ飲み比べてみると、味の違いがより分かりやすいと思います。ぜひ試してみましょう！！"", ""*"", ""――――――――――――――――――――――――――――本日のまとめ"", ""・「濃縮還元」とは、加熱などで果汁の水分を減らして、あとで水や香料を足すこと・「ポンジュース」がおいしい理由は、「オレンジジュース」じゃないから・私はSMAPの曲の中で、「オレンジ」が一番好きです――――――――――――――――――――――――――――"", ""関連記事：ジュースに入ってる「果糖ぶどう糖液糖」とは？*食品添加物、ぶどう糖果糖液糖との違い*関連記事：赤いコップと青いコップに入ったジュースはどっちが甘い？*食品の色彩と味覚の関係*"", ""「伊右衛門特茶」と「ヘルシア緑茶」はどっちがおいしい？*2014年ヒット商品ランキング*"", ""なぜ役に立たないことを勉強しなければならないのか？*思考能力と思考停止能力*"", ""「伊右衛門特茶」と「ヘルシア緑茶」はどっちがおいしい？*2014年ヒット商品ランキング*"", ""なぜ役に立たないことを勉強しなければならないのか？*思考能力と思考停止能力*"", ""Copyright*2014-2018味覚ステーションAllRightsReserved.""]"
Bing,1,https://ja.wikipedia.org/wiki/%E3%82%AA%E3%83%AC%E3%83%B3%E3%82%B8%E3%82%B8%E3%83%A5%E3%83%BC%E3%82%B9,"[""オレンジジュース""]","[""オレンジジュースは、オレンジの果実を搾るなどして得られる果汁飲料（ジュース）である。"", ""日本では、農林物資の規格化及び品質表示の適正化に関する法律（以下「JAS法」）の通達により、オレンジ、及び規定の添加物のみが配合された飲料と定められている。そのため、温州みかん100%のジュースは、JAS法における表示は「うんしゅうみかんジュース」、温州みかん果汁とオレンジ果汁を混合した果汁100%ジュースは、同じく「ミックス果汁ジュース」と表示することとなっている。果汁100%でなければ、オレンジの断面を印刷したパッケージを使用してはいけないと定められている。本稿ではこれらのジュースのほか、オレンジ果汁を混合した「果汁入り飲料」や「清涼飲料水」についても記す。"", ""オレンジジュースはオレンジを搾って作られる液体で、主に飲料として用いられるが、このほかにも料理（製菓）の材料として使われることもあり、また清涼飲料水の風味付けなどにも用いられる。オレンジ1個からはおおよそ90グラムのオレンジジュースが得られ、オレンジ固有の香りや風味（酸味・甘みを主として、苦味などを含む）および色（オレンジ色）をもつ。"", ""オレンジに含まれる栄養素を含み、ビタミンCや食物繊維が豊富とされ、朝食の補助メニューとしてやおやつにおける飲料、あるいは単に飲み物として喉を潤すなどする際に、これら栄養素の摂取を期待して飲まれる。なおビタミンC含有量に関しては製法や保存状況によっても異なる。"", ""オレンジジュースは単に果実としてのオレンジを搾ることで作られるわけだが、これはオレンジそのものよりも保存性がよく、こと濃縮されたものは液体コンテナに詰められ、貿易用の物資として世界規模で流通しており、先物取引の市場でもオレンジジュース（FCOJ：冷凍濃縮オレンジジュース）は一定規模で扱われる商品である。"", ""FCOJは果汁を凍結させ、その過程で氷の結晶が不純物としてオレンジの水以外の成分を残して凍結する性質を利用したり、フリーズドライの要領で水分を90%以上取り除いたもので、見た目はオレンジ色のワックスに似た高い粘性を持つ液体である。このように濃縮してできた液体を密閉容器に収めるなど酸素を遮断しながら冷蔵保存することで長期間の保存や輸送に耐える。古くは加熱によって水分を蒸発させたりもしたようだが、加熱濃縮では風味や栄養価が劣るため、今日では風味も栄養価も良い冷凍濃縮が主流である。"", ""今日コンビニエンスストアやスーパーマーケットの店頭で紙パックやペットボトルなどに充填され販売されているものは、おおむねこのFCOJを濃縮還元したオレンジジュース（FCOJに水を加えて一定濃度に戻したもの）である。これら濃縮還元オレンジジュースは、FCOJが工業単位で生産されることから小売単価も安く、一般にビタミンCの簡便安価な供給源として親しまれている。"", ""愛知県豊橋市三河港に、日本最大級のジュース専用ターミナル「日本ジュース・ターミナル（NJT）」があり、ブラジルから専用タンカーで運ばれてきた濃縮オレンジジュースの受入れ、冷蔵保管、タンク間移送、在庫管理、品質管理、ブレンド、形態別充填作業及び全国各地の飲料メーカー、ボトラー、パッカーへの出荷を行っている。"", ""2000年代からの原油価格上昇に伴い、日本では2007年5月に飲料メーカー各社が一斉にオレンジジュース値上げに踏み切った。ただしこれは米国フロリダ州が2005年にハリケーン・カトリーナの被害に見舞われオレンジの生産が落ちていたことも関連しており、1割程度の値上げとなった。なお2007年度末には被災地域の回復にも伴いFCOJ市場価格が落ち着きを見せ、一般に販売されるオレンジジュースの価格も、一部では値上げ前の水準に近づいている。"", ""カクテルには、しばしば柑橘系の果実が用いられる。オレンジも例外ではなく、しばしばその果汁（オレンジジュース）は材料（香り付けの役割もある）として使用され、オレンジジュースの独特の酸味と甘み、また柑橘類の特徴的な香りを生かしたレシピが見られる。（なお、果皮や果肉は、主に装飾や香り付けに利用される。）"", ""カクテルに加える場合は、絞りたての果汁（いわゆるフレッシュジュース）を使う場合もあれば、工業単位で大量生産されているため安価な濃縮還元オレンジジュースが使われる場合もある。ただし、基本的に濃縮還元のものを含めて、オレンジジュースは果汁100%のものを用いる。カクテルには砂糖も使用されるため、甘味料などが添加されていてはあまり意味がない。と言うのも酒が使用される通常のカクテルの場合、オレンジジュースは副材料の扱いであり、あくまで脇役ではあるものの、カクテルにした以上、使用した全ての材料の風味が活きないと意味がないからである。このため、基本的にはフレッシュジュースの使用が推奨される。"", ""オレンジジュースは様々なカクテルに使用されている。酒類にオレンジジュースを加えることは様々に試され、また飲用されているのである。"", ""なお、副材料としてオレンジジュースを単独で用いる例だけはなく、他の果実の果汁と混合して用いられることもある。"", ""オレンジジュースが使用されたカクテルには、「オレンジ・＊＊」と呼ばれるものが複数存在する。オレンジ・ブロッサムやオレンジ・フィズなどがその例である。"", ""また、何らかの酒をオレンジジュースで割ったものは「（酒の名前）・オレンジ」と呼ばれる場合が複数存在する。カシス・オレンジやカンパリ・オレンジなどがその例である。もちろん名称に「オレンジ」と付かないカクテルも存在するので、以下にその例を記載する。"", ""オレンジジュースは、バーなどで雰囲気を壊さないためなどに飲まれるノンアルコールカクテルにも用いられる。以下にその例を挙げる。"", ""焼酎をオレンジジュースで割ったチューハイもみられる。"", ""果汁100%のオレンジジュースは、クエン酸の腸内への刺激が強いため、人によっては下痢を引き起こすことがある。""]"
Bing,2,https://search.rakuten.co.jp/search/mall/100%25+%E3%82%AA%E3%83%AC%E3%83%B3%E3%82%B8%E3%82%B8%E3%83%A5%E3%83%BC%E3%82%B9/,"[""「100%オレンジジュース」の検索結果""]","[""「お知らせ」とは"", ""各商品の送料をクリックすると、詳細が確認できます"", ""注文締め切り時間前にご注文いただけましたら、ご注文日の翌日に商品をお届けします。注文締め切り時間や翌日のお届けが可能な配送エリアは各ショップにより異なります。"", ""楽天プレミアム会員であれば、送料分ポイント還元などの特典を受けられます。"", ""楽天学割は15-25歳の学生限定のサービスです。無料の登録でお買い物が送料無料に！"", ""配達先の都道府県は上部または左部から変更できます。"", ""楽天倉庫に在庫がある商品です。安心安全の品質にてお届け致します。(一部地域については店舗から出荷する場合もございます。)"", ""お探しの商品が登録(入荷)されたら、メールでお知らせします。"", ""キーワード「100%オレンジジュース」を登録"", ""もっと見る"", ""商品の検索でお困りの場合、探し方をチャットでご質問いただけます。"", ""※対話形式のチャットを開きます。"", ""楽天のスタッフに質問する"", ""商品の検索機能、検索結果ページについて、ご意見・ご要望をお聞かせください。"", ""いただいたご意見は、今後のサイト改善の参考にさせていただきます。"", ""貴重なご意見をいただき、ありがとうございました。""]"
Bing,3,https://cookpad.com/search/%e3%82%aa%e3%83%ac%e3%83%b3%e3%82%b8%e3%82%b8%e3%83%a5%e3%83%bc%e3%82%b9,"[""オレンジジュースのレシピ""]","[""詳細検索"", ""レシピID検索"", ""メンバー検索"", ""カロリー表示について"", ""１人分の摂取カロリーが300Kcal未満のレシピを「低カロリーレシピ」として表示しています。数値は、あくまで参考値としてご利用ください。栄養素の値は自動計算処理の改善により更新されることがあります。"", ""塩分表示について"", ""１人分の塩分量が1.5g未満のレシピを「塩分控えめレシピ」として表示しています。数値は、あくまで参考値としてご利用ください。栄養素の値は自動計算処理の改善により更新されることがあります。"", ""1日の目標塩分量（食塩相当量）男性:8.0g未満女性:7.0g未満※日本人の食事摂取基準2015(厚生労働省)より※一部のレシピは表示されません。"", ""カロリー表示、塩分表示の値についてのお問い合わせは、下のご意見ボックスよりお願いいたします。"", ""監修：松田洋昌"", ""監修：松田洋昌"", ""監修：エノテカ"", ""監修：エノテカ"", ""お困りの方はこちら"", ""ヘルプ・お問い合わせ"", ""もっと追加するには?""]"
Bing,4,https://crossptt.com/orange-81,"[""オレンジジュースの栄養効果は!?カロリーが危険!!100と濃縮の違い。副作用もある?""]","[""nature〜野菜、果物、飲み物を始め健康効果効能〜"", ""2016年8月10日"", ""最近は、ホテルの朝食でも必ずといっていいほどオレンジジュースを見かけますよね。"", ""*"", ""さらに、家にオレンジジュースを常備し、フルーツジュースといえば「オレンジジュース」が定着しつつあります。"", ""*"", ""暑くなる季節にはとくに冷蔵庫に常備されている飲み物じゃないでしょうか。"", ""「美味しい！」"", ""それは認めます。"", ""*"", ""でも、「オレンジジュースっておいしいだけで、健康面はどうなんだろう？」と疑問に思ったことないですか？"", ""*"", ""これを読んで、オレンジジュースの飲み方と、知らないでいたら損なオレンジジュースの魅力をもう一度見直してみましょう。"", ""一口にオレンジジュースと言っても様々な種類があります。"", ""オレンジを絞ってそのまま飲む栄養満点のジュース。"", ""*"", ""ホテルに置いてある高級感漂う「と**ってもおいしいジュースです！」"", ""*"", ""家庭で飲むとあまり現実的ではないですが、ホテルやレストランに行ったら絶対に飲みたいジュースです。"", ""絞った果汁を加熱などにより水分を飛ばし一旦冷凍します。加工する際には再度水分を入れもとの状態に戻したもの。スーパーやコンビニで普段売られている100％ジュースのほとんどがこれです。"", ""関連記事→濃縮還元の意味は??何が違う？ジュースの栄養価は低くて危険!?"", ""*"", ""他に50％・40％など希釈されたものがあります。"", ""*"", ""こっちの濃縮オレンジジュースは、味というより庶民的！なっちゃんオレンジが懐かしい気持ちもしますが、実はなっちゃんは希釈されたもの。"", ""さらに、紙パックで売られているオレンジジュースって、実は生の100％じゃないという驚愕の事実発覚！"", ""*"", ""あのバカ高い「ウェルチ」も実はこっちなんですよ。（ガクッ）"", ""*"", ""なんだか100％ジュースってややこしいですよね・・・"", ""*"", ""実は、市販では生100％ジュースは売られていないんです。"", ""*"", ""本当の生ジュースを飲みたいのであれば、ジューススタンドなど目の前で生の果物をミキサーにかけて売られているものかホテルなどのジューススタンドがあるところでしか飲めないのです。もしくは・・・自分で搾取するか。"", ""*"", ""*"", ""結果やっぱり美味しいのはストレートなんですが、お値段がね・・・"", ""*"", ""叶姉妹みたいに超セレブでもない限りは、毎日生絞り「オレンジジュース！」なんてできません。なのでここからは、私ら庶民の最強の味方「濃縮オレンジジュース」の栄養と健康をわかりやすくお伝えします"", ""果物だから糖分は多そう、ビタミンＣが多そうだというのは皆さんわかっていると思いますがじゃあ、他には？となると分かりませんよね。"", ""*"", ""私も調べてみてびっくりポン！でした。"", ""*"", ""オレンジジュースの種類によって多少の違いはありますが様々な栄養素が含まれているんです。"", ""コップ１杯（200ｍｌ）カロリー84kcalビタミンB1カリウム"", ""これらが多く含まれています。"", ""*"", ""コカコーラのカロリーはコップ1杯で90kcalなのでオレンジジュースとほぼ同じくらいです。"", ""*"", ""「え！」"", ""*"", ""ただただびっくり！"", ""*"", ""「何?オレンジジュースなんてもう飲んでいられない！」と最初思いましたよ！！！だって、あの糖質の塊「コーラ」と変わらないなんて・・・。"", ""*"", ""そんな絶望さえ味わいかけた「オレンジジュースの糖分」ですが、やっぱり健康的に作用する効果もあるみたいです。"", ""ではその効果、効能を見ていきましょう。"", ""など。"", ""「オレンジジュースも悪くないな・・・」"", ""*"", ""こんなにもすばらしい効能がたくさんあるなんて知ってましたか？"", ""特に美肌効果と、抗酸化作用は今すぐにでもほしい効果！"", ""*"", ""他にも、ストレスを和らげて、風邪予防にもつながるなんて！！！女性にはうれしい効能がたくさん詰め込まれてますよね。"", ""*"", ""ただ、これは科学的根拠が薄いところがあるので、あくまでもオレンジジュースを飲むついでに"", ""「ちょっといいことあるかも？」"", ""程度に考えて方がいいかもしれませんね。やっぱり、野菜をとったりバランスよく栄養取ることは必須ですから。"", ""*"", ""そうはいってもやっぱり美味しいですから、オレンジジュースだけの毎日を過ごしてみたいところではありますよね。"", ""*"", ""*"", ""でも、そんなことをしていたらお腹がやばいですよ笑。"", ""デメリットもあるのです。"", ""・ビタミンC多量摂取（下痢を起こしやすくなる）・糖質（炭水化物）の採りすぎで太ってしまう"", ""などがあげられます。"", ""[ad#co-1]"", ""他にも、飲み方によっては毒にも薬にもなることもあります。"", ""例えば・・・"", ""ビタミンCがたっぷり含まれているので風邪予防には効果があるのですが風邪をひいてしまい風邪薬を飲んでいるときはNGです。なぜならオレンジジュースに含まれている酸味が抗生物質の成分を分解してしまう為に効果がなくなってしまうのです。せっかくの薬が無駄になってしまうのです。"", ""*"", ""これは、絶対に避けたいことですよね！！"", ""お腹を下しているときや、胃痛がある場合も控えたほうがいいです。なぜなら、柑橘系にはクエン酸がたくさん含まれているからです。"", ""*"", ""この、クエン酸は「すっぱい」と感じる成分です。クエン酸が美肌効果・疲労回復に効くのですが腸内の活動を活発にする為に胃腸系が弱っているときには悪魔に変身してしまうのです。"", ""[ad#co-1]"", ""また、夜摂取すると成長ホルモンの分泌を止めてしまうので夜飲むのはお勧め出来ません。成長期のお子さんには夜、オレンジジュースを飲ませることは避けたほうがいいようです。"", ""*"", ""どうせならおいしく健康にもよくダイエットにも効く飲み方始めましょう！"", ""最近「酵素ダイエット」流行ってますよね。ネットやコマーシャルなどでも毎日といいっていいほど「酵素」聞きますよね。"", ""とは言え実際、毎日生の酵素を摂取するのは難しいですよね。"", ""*"", ""サプリもたくさんありますがいまいちどれがいいのか分からない・・・それに、毎日というとお金がかかりすぎる・・・。　お金をかけた分、効果があるのかも疑わしい・・・。"", ""*"", ""そうは言っても酵素をうまく取り込みたい。"", ""*"", ""「だから手軽に毎日オレンジジュースを飲んで酵素摂取しよう！！」"", ""って方も多いんじゃないでしょうか。"", ""確かに魅力的な栄養素がたっぷり含まれていますが、糖分も多く含まれていることをお忘れなく！！！糖分は言い換えれば炭水化物です。"", ""*"", ""もっと分かりやすく言い換えればご飯やパン・麺類と同じなのです。この糖分入りのオレンジジュースをごくごく飲み続けるのはご飯やパンをたくさん食べるのと一緒です。"", ""*"", ""ちなみに砂糖水を飲んでいるのと同じだという説もあります・・・いくら生酵素が体に良くても糖分がたくさん含まれたジュースを飲むのは糖尿病を引き起こしたりメタボになったりする危険もあります。"", ""*"", ""怖いですよね。"", ""ダイエット目的なら生のオレンジを買って洗剤できれいに洗い、絞って飲むのがお勧めです。オレンジの皮には防腐剤がたっぷり塗られているので必ずきれいに洗ってくださいね。"", ""*"", ""毎日とはいかなくても時にはちょっとした贅沢気分で生絞りに挑戦してみるのが効果的！"", ""[ad#co-1]"", ""オレンジジュースはうまく取り入れるととても効果的！なので、目的に応じて飲み方も変えてみてください。薬とは違ってすぐに効果があるわけではないですが、ちょっとした知識があるのとないのでは、飲み方に変化が現れるんじゃないでしょうか？"", ""オレンジジュースは、"", ""たかがオレンジジュースされどオレンジジュースなんです。あなたの飲み方しだいで薬になるか毒になるか・・・。"", ""今まで、ただ何となく飲んでいたって方もちょっと考え方変わったんじゃないでしょうか？"", ""*"", ""健康にオレンジジュース飲みたくなったと思います。"", ""「明日から健康や美容にオレンジジュース！！」をモットーにぜひ毎日の生活に取り入れてみてください。"", ""タグ：100,オレンジ,オレンジジュース,カロリー,効果,濃縮"", ""「ぶどうジュースの効果,効能は？健康法&栄養まとめ!カロリー激ヤバ!?」"", ""「濃縮還元の意味は??何が違う？ジュースの栄養価は低くて危険!?」"", ""名前(必須)"", ""メールアドレス（公開されません）(必須)"", ""ウェブサイト"", ""コメント送信"", ""ある日いきなり私の家族がとある病気になってしまいました。"", ""家族が病気になったとき、とともにに襲われたことを、私は今でも鮮明に覚えています。"", ""しかし、この経験を通して健康であることの大切さを改めて実感し、健康に関する本をたくさん読んで勉強。"", ""そのおかげもあって、今では心も体も健康で、綺麗な身体を手に入れて、自信満々で楽しい毎日を送れるようになりました。"", ""まりのもっと詳しいプロフィール→準備中です(T_T)＼(^-^)"", ""Copyright(C)2018nature〜野菜、果物、飲み物を始め健康効果効能〜AllRightsReserved.""]"
Bing,5,https://www.askul.co.jp/usf/000150486/,"[""「オレンジジュース」の特集""]","[""..."", ""ご注文履歴から再注文や配送状況の確認ができます。"", ""お気に入りの商品を登録して自分のカタログを作れます。"", ""お申込番号の入力で商品をまとめてご注文いただけます。"", ""選択中のお届け先"", ""東京都江東区豊洲3"", ""JavaScriptの設定が無効のため、アスクルWebサイトが正しく動作しません。設定を有効にする方法はこちらをご覧ください。"", ""検索結果や商品詳細ページに表示されている「お届け日」「在庫」はお届け先によって変わります。現在のお届け先はアスクルの本社住所である、東京都江東区豊洲3（〒135-0061）に設定されています。ご希望のお届け先の「お届け日」「在庫」を確認する場合は、以下から変更してください。"", ""■郵便番号を入力してお届け先を設定（会員登録前の方）"", ""※郵便番号でのお届け先設定は、注文時のお届け先には反映されませんのでご注意ください。※在庫は最寄の倉庫の在庫を表示しています。※入荷待ちの場合も、別の倉庫からお届けできる場合がございます。"", ""こちらは「オレンジジュース」の特集ページです。アスクルは、オフィス用品/現場用品の法人向け通販です。"", ""ゴールドパック業務用100%オレンジジュース1L1箱（6本入）"", ""（3件）"", ""販売価格(税抜き)￥1,360"", ""販売価格(税込)￥1,468"", ""1個あたり￥226.67"", ""お届け日：5月28日（月）"", ""アサヒ飲料　バヤリース　ホテルブレックファースト　オレンジブレンド"", ""販売価格（税抜き）￥256*"", ""販売価格（税込）￥276*"", ""お届け日：5月28日（月）"", ""「販売単位」違いで全3商品あります"", ""【アウトレット】エルビー　Fruits　Selection　オレンジ　200ml　2029　1箱（200ｍｌ×24本入）"", ""（8件）"", ""販売価格(税抜き)￥1,258"", ""販売価格(税込)￥1,358"", ""1個あたり￥52.42"", ""お届け日：5月29日（火）"", ""サントリー　なっちゃんオレンジ　1.5L"", ""販売価格（税抜き）￥246*"", ""販売価格（税込）￥265*"", ""お届け日：5月28日（月）"", ""「販売単位」違いで全3商品あります"", ""キリンビバレッジトロピカーナ100%オレンジ250ml紙パック1箱（24本入）"", ""（2件）"", ""販売価格(税抜き)￥2,012"", ""販売価格(税込)￥2,172"", ""1個あたり￥83.84"", ""お届け日：5月28日（月）"", ""カゴメ　業務用オレンジジュース（こども支援パッケージ）　100ml　1箱（18本入）"", ""（2件）"", ""販売価格(税抜き)￥1,050"", ""販売価格(税込)￥1,134"", ""1個あたり￥58.34"", ""お届け日：5月28日（月）"", ""キリンビバレッジ　トロピカーナ100%ジュース　オレンジ"", ""販売価格（税抜き）￥1,998*"", ""販売価格（税込）￥2,157*"", ""お届け日：5月28日（月）"", ""「販売単位」違いで全2商品あります"", ""POM　ポンジュース　１Ｌ"", ""販売価格（税抜き）￥304*"", ""販売価格（税込）￥328*"", ""お届け日：5月28日（月）"", ""「販売単位」違いで全2商品あります"", ""キリンビバレッジ　トロピカーナ100%　オレンジ　330ml　1箱（24本入）"", ""販売価格(税抜き)￥2,178"", ""販売価格(税込)￥2,352"", ""1個あたり￥90.75"", ""お届け日：5月29日（火）"", ""バヤリース　ホテルブレックファースト　オレンジ100　200ml　1箱（24本入）"", ""販売価格(税抜き)￥1,845"", ""販売価格(税込)￥1,992"", ""1個あたり￥76.88"", ""お届け日：5月28日（月）"", ""コカ・コーラ　QOO　みかん（オレンジ入り）　160g　1箱（30缶入）"", ""（1件）"", ""販売価格(税抜き)￥1,753"", ""販売価格(税込)￥1,893"", ""1個あたり￥58.44"", ""お届け日：5月28日（月）"", ""キリンビバレッジトロピカーナ100%オレンジ1L1箱（6本入）"", ""（2件）"", ""販売価格(税抜き)￥1,595"", ""販売価格(税込)￥1,722"", ""1個あたり￥265.84"", ""お届け日：5月28日（月）"", ""カゴメ　果汁100％オレンジジュース（こども支援パッケージ）　100ml　1セット（36本）【ASKULKodomoArtProject】"", ""（2件）"", ""販売価格(税抜き)￥2,040"", ""販売価格(税込)￥2,203"", ""1個あたり￥56.67"", ""お届け日：5月28日（月）"", ""サントリー　なっちゃんオレンジ　425ml　1箱（24本入）"", ""販売価格(税抜き)￥2,219"", ""販売価格(税込)￥2,396"", ""1個あたり￥92.46"", ""お届け日：5月28日（月）"", ""アサヒ飲料　バヤリースすっきりオレンジ　245g　1箱（30缶入）"", ""販売価格(税抜き)￥1,400"", ""販売価格(税込)￥1,512"", ""1個あたり￥46.67"", ""お届け日：5月28日（月）"", ""ゴールドパックオレンジジュース1L1セット（12本）"", ""（3件）"", ""販売価格(税抜き)￥2,712"", ""販売価格(税込)￥2,928"", ""1個あたり￥226"", ""お届け日：5月28日（月）"", ""カルピス　ウェルチオレンジ100　800g　1セット（16本：8本入×2箱）"", ""販売価格(税抜き)￥4,511"", ""販売価格(税込)￥4,871"", ""1個あたり￥281.94"", ""お届け日：5月28日（月）"", ""カゴメ春のフルーツこれ一本200ml1箱（24本入）"", ""（1件）"", ""販売価格(税抜き)￥1,656"", ""販売価格(税込)￥1,788"", ""1個あたり￥69"", ""お届け日：5月28日（月）"", ""キリンビバレッジトロピカーナ100%オレンジ250ml1セット（48本）"", ""（2件）"", ""販売価格(税抜き)￥4,023"", ""販売価格(税込)￥4,344"", ""1個あたり￥83.82"", ""お届け日：5月28日（月）"", ""カゴメ　業務用オレンジジュース（こども支援パッケージ）　100ml　1セット（72本）"", ""（2件）"", ""販売価格(税抜き)￥3,934"", ""販売価格(税込)￥4,248"", ""1個あたり￥54.64"", ""お届け日：5月28日（月）"", ""カゴメ　ジュース　100ml"", ""カゴメ野菜生活100100mlアソートパック1箱（12本入）などの売れ筋商品をご用意してます。"", ""カゴメ　ジュース　セット"", ""カゴメ　果汁100％りんごジュース（こども支援パッケージ）　100ml　1セット（36本）【ASKULKodomoArtProject】といったお買い得商品が勢ぞろい。"", ""カゴメ　ジュース　ミックス"", ""カゴメ野菜生活100瀬戸内柑橘ミックス195ml1箱（24本入）ほか人気商品が選べる！"", ""バイス　飲料"", ""アミノバイタルGOLD　2000ドリンク　555ml　1箱（24本入）など目白押しアイテムがいっぱい。"", ""ピンバイス　0.3"", ""アミノバイタルGOLD　2000ドリンク　555ml　1箱（24本入）を要チェック！"", ""ジュース　ストレート"", ""キッコーマンデルモンテ食塩無添加トマトジュース900g1箱（12本入）などのオススメ品が見つかる！"", ""みかんジュース"", ""伊藤園和歌山県産摘みたてみかんを搾ってそのまま瞬間パックしました200ml1箱（24本入）などの売れ筋商品をご用意してます。"", ""缶ペン"", ""コカ・コーラ160ml1セット（60缶）といったお買い得商品が勢ぞろい。"", ""野菜ジュース　カゴメ"", ""カゴメ　野菜生活100　エナジールーツ　200ml　1箱（24本入）ほか人気商品が選べる！"", ""「ソフトドリンク」に関連するピンポイントサーチ一覧へ"", ""オフィス用品"", ""作業・研究用品"", ""「オレンジジュース」の検索結果の先頭へ"", ""237*（税抜き）"", ""436*（税抜き）"", ""2,227*（税抜き）"", ""585*（税抜き）"", ""170*（税抜き）"", ""ジュース／清涼飲料水のランキングをもっと見る"", ""696*（税抜き）"", ""779*（税抜き）"", ""1,034*（税抜き）"", ""551*（税抜き）"", ""899*（税抜き）"", ""とろみ調整食品・固形化補助食品のランキングをもっと見る"", ""218*（税抜き）"", ""3,840*（税抜き）"", ""￥2,546（税抜き）"", ""238*（税抜き）"", ""2,172*（税抜き）"", ""流動食のランキングをもっと見る"", ""アスクルについてお気軽にご質問ください"", ""SNSも更新中!"", ""オフィス・現場用品／医療・介護用品の通販アスクル"", ""初めての方へ"", ""初めての方へ""]"
Bing,6,https://ameblo.jp/maokobayashi0721/entry-12285272947.html,"[""オレンジジュース""]","[""小林麻央オフィシャルブログ「KOKORO.」PoweredbyAmeba"", ""小林麻央オフィシャルブログ「KOKORO.」PoweredbyAmeba"", ""2017-06-2006:15:10"", ""おはようございます。"", ""コメントする81280"", ""リブログする2505"", ""いいね！した人一覧"", ""小林麻央さんの読者になろう"", ""ブログの更新情報が受け取れて、アクセスが簡単になります"", ""前の記事"", ""次の記事"", ""小林麻央"", ""Amebaオフィシャル"", ""2児ママ部門"", ""読者になる"", ""一覧を見る"", ""一覧を見る"", ""一覧を見る"", ""読者数:2,689,998人"", ""読者になる"", ""RSS"", ""著作権についてのご注意"", ""Ameba芸能人・有名人ブログ"", ""たくさんの芸能人・有名人が書いているAmebaブログを無料で簡単にはじめることができます。"", ""他ブログからお引っ越しはこちら"", ""多くの方にご紹介したいブログを執筆する方を「公式トップブロガー」として認定しております。"", ""Amebaブログでは、芸能人・有名人ブログをご希望される著名人の方／事務所様を随時募集しております。""]"
Bing,7,https://calori.jp/eat/post-17459/,"[""オレンジジュースのカロリー・糖質は？注意したい太る飲み方・注意点""]","[""オレンジジュースは、コンビニやスーパーでも手軽に購入できますし、カフェや喫茶店などでも定番のメニューなので、飲む機会も多い飲み物だと思います。"", ""そんなオレンジジュースは低カロリーな上に、ダイエット効果も豊富に含まれているので、ダイエットに向いている飲み物と言われています。"", ""しかし、そんなオレンジジュースにも太る要素が含まれており、飲み方次第では太る原因にもなるので、注意が必要です。"", ""今回は、オレンジジュースのカロリー・糖質量、ダイエット効果、注意点、ダイエット効果を高める飲み方などを紹介します。"", ""100%のオレンジジュースのカロリーは、100gあたり「約41kcal」と低カロリーです。"", ""このように比較してみても、オレンジジュースのカロリーは低いと言うことができます。"", ""ただし、メーカーや商品、作り方などによって違いが出てくることもあるので、注意するようにしましょう。"", ""※カロリー・糖質が気になる方は、カロリー・糖質カット系サプリに分類される「大人のカロリミット」での対策がおすすめ！上記の公式サイトからなら、合計4週間分が特別価格「1000円(税込)」で購入可能！"", ""オレンジジュースに含まれている糖質量は、100gあたり「約10.6g」と比較的高糖質です。"", ""この中で比較すると、オレンジジュースの糖質量は低く見えますが、全食品で見るとオレンジジュースは十分高糖質になっています。"", ""オレンジを始めとする果物には、果糖が豊富に含まれており、この果糖によって糖質量が高くなっていると言われています。"", ""オレンジジュースには、「ビタミンC」というビタミンが豊富に含まれています。"", ""ビタミンCは、美容効果が有名で、ダイエット効果があることはあまり知られていないのですが、ビタミンCには抗酸化作用という若返り効果があり、ダイエットにも効果を発揮してくれるのです。"", ""私たちの体は、活性酸素という物質によって日々傷つけられ、老化しています。"", ""体が老化すると体の働きが鈍くなるため、基礎代謝が落ち痩せにくい体を作る原因になってしまうのですが、若返り効果のあるビタミンCを摂取することで、活性酸素を撃退してくれるので、体の働きが活発になり、代謝をアップさせ、痩せやすい体を作ることができるのです。"", ""オレンジジュースには、「ビタミンB1」というビタミンも豊富に含まれています。"", ""このビタミンB1には、摂取された糖質の代謝を促してくれる働きがあると言われており、ダイエットに非常に効果的です。"", ""本来、糖質を摂取すると、インスリンというホルモンの働きによって、糖質は体脂肪に変換されるのですが、ビタミンB1を摂取していることで、その糖質を脂肪になる前に代謝してくれるので、太りにくい体を作ることができるのです。"", ""オレンジジュースには、「イノシトール」という成分も豊富に含まれています。"", ""このイノシトールには、血液中のコレステロール値を下げてくれる働きがあると言われており、血液中のコレステロール値が下がることで、体内の注意性脂肪も減らすことができるので、肥満の解消に効果的と言われています。"", ""オレンジジュースに使用されるオレンジには、果糖が豊富に含まれています。"", ""果糖はフルーツの甘みの素となる成分で、カロリーも含まれているため、摂り過ぎに注意しなければなりません。"", ""また、果糖の注意すべき点はカロリーだけでなく、普通の砂糖よりも体脂肪として体に蓄積されやすいというところです。"", ""フルーツというと、そこまで太るというイメージがないのですが、実際にはカロリー以上に太りやすい食べ物なので注意するようにしましょう。"", ""オレンジジュースには、果汁100%のものとそれ以外のものがあります。"", ""果汁100%のオレンジジュースは問題ないのですが、それ以外の種類は砂糖などが含まれており、カロリーが上がっているものも多いです。"", ""さらに、食品添加物が含まれていることも多く、太りやすい体を作ってしまう原因になってしまうのです。"", ""先ほど紹介したように、果汁100%のもの以外は砂糖や添加物が含まれていることが多く、太りやすいです。"", ""そのことから、ダイエット中はできるだけ果汁100%のオレンジジュースを選ぶようにすると、より痩せやすくなると言われています。"", ""オレンジジュースのカロリー・糖質量を紹介しました。"", ""オレンジジュースは低カロリーな上に、ダイエット効果が豊富に含まれており、ダイエットに効果的と言われています。"", ""しかし、そんなオレンジジュースにも太る要素が含まれているので、飲み方次第では太る原因にもなるので注意が必要です。"", ""ダイエット中にオレンジジュースを飲む場合は、注意点をきちんと守り、「果汁100%のものを選ぶ」などのダイエット効果を高める飲み方を実践してみてください！"", ""CALORI"", ""まだデータがありません。"", "">キーワード一覧""]"
Bing,8,https://macaro-ni.jp/19923,"[""いつ飲むのがいい？「オレンジジュース」の効果効能を調べてみた""]","[""毎日をもっとおいしく"", ""幼い頃から馴染みの深い「オレンジジュース」。実は、いろんな効果効能が期待できるとされているんですよ。今回はオレンジジュースに含まれている栄養素や効果効能、飲み過ぎによる影響、飲むのにおすすめのタイミングまで調べてみました！"", ""1/2ページ"", ""ピックアップ"", ""PICKUPARTICLES"", ""recipe"", ""ママ楽ちん。子どもが「ひとりで」作れる定番サラダ"", ""関連記事"", ""RELATEDARTICLES"", ""recipe"", ""オレンジジュースで簡単！もっちりぷるぷる水玉ゼリー"", ""recipe"", ""休日ブランチに！「ノンアルコールドリンク」のアレンジレシピ10選"", ""recipe"", ""みんなで乾杯！たっぷりフルーツのノンアルコールサングリア"", ""recipe"", ""【基本】おしゃれな「クレープシュゼット」のレシピ。家でも作れる！"", ""recipe"", ""ほんのり大人味！フレッシュオレンジのクレープシュゼット"", ""recipe"", ""さっぱりだけどガッツリ！「オレンジビーフ」のレシピ"", ""recipe"", ""お菓子からおかずまで！「オレンジピール」の作り方と人気レシピ９選"", ""recipe"", ""レモンとオレンジのハーフ*マイヤーレモンを使ったアレンジレシピまとめ"", ""特集"", ""SPECIALCONTENTS"", ""夏でも冬でもアイスが食べたい！そんなアイスクリームラバーに贈る、おすすめレシピ＆ショップまとめです。"", ""青い空、白い雲、萌える緑とおいしいごはん。ピクニック気分が盛り上がるレシピやグルメ情報をお届けします。"", ""WRITER"", ""charlotte"", ""目次"", ""オレンジジュースに含まれている栄養成分"", ""【健康】オレンジジュースの効果効能"", ""【美容】オレンジジュースの効果効能"", ""オレンジジュースを飲み過ぎたらどうなる？"", ""朝？夜？オレンジジュースの効果的な飲み方"", ""Let’sオレンジジュース生活！"", ""カテゴリー"", ""CATEGORY"", ""トレンドニュース"", ""レシピ"", ""グルメ&おでかけ"", ""リビング&キッチン"", ""ヘルス&ビューティー"", ""特集"", ""ランキング"", ""RANKING"", ""休暇太りを解消セヨ。増えた体重を元に戻すコツ５つ"", ""食べ過ぎた…！脂っこい食事をリセットする４つの秘訣"", ""毎日更新！SNSで逃さずチェックしよう"", ""月間ユーザー"", ""1,000万"", ""突破!"", ""アプリでもっと楽しく。"", ""通勤やランチ、おやすみ前に、アプリでサクサク快適。"", ""ちょっとした時間で、食のトレンドに詳しくなるアプリ。"", ""毎日をもっとおいしく""]"
Bing,9,https://xn--cckzb2a8a0t737uvdue.biz/archives/2584.html,"[""オレンジジュースの効能がヤバイ!!飲み過ぎないように注意する理由とは!?""]","[""健康美人"", ""2016年8月15日"", ""大好きな方も多い「オレンジジュース」。スーパーやコンビニに行けば、必ずと言って良いほど置いてありますし、飲食店に行ってもほぼ必ずメニューに組み込まれている定番の飲み物です。このオレンジジュース、実は「効能がヤバイ」という理由からひそかに注目されている飲み物なのですが、皆さんご存知でしたか？今回はオレンジジュースの効能について、飲み過ぎに注意すべき理由もあわせて解説します。"", ""Contents"", ""JAS法（農林物資の規格化及び品質表示の適正化に関する法律）では、果汁１００％のもの以外は「ジュース」と表示してはいけないことになっています。「なっちゃん」や「バヤリース」は果汁１００％ではないため、「○○％果汁入り飲料」や「清涼飲料水」と表示されます。"", ""※「味覚ステーション（http://mikakukyokai.net/2015/01/17/pom/）」より引用"", ""オレンジやグレープフルーツをよく食べる人は、メラノーマ（皮膚がん）を発症するリスクが最大３６％も増加するとの研究論文が米国で発表された。論文をまとめた研究者らは、「柑橘系の果物が紫外線への感受性を高めて、人の皮膚細胞を傷付けやすくする成分を含んでいるため」とみている。"", ""※「産経新聞（http://www.sankeibiz.jp/express/news/150701/exh1507010003001-n1.htm）」より引用ですから、オレンジジュースを飲み過ぎてしまった場合は、長時間紫外線を浴びないようにする必要があります。「朝食にオレンジジュースを飲むのが良い」という意見もあるのですが、長時間紫外線にさらされる日には、朝食にオレンジジュースを飲むのは避けたほうが良いでしょう。"", ""「【にんじんジュースの効果】肌にも癌にも効く恐るべき秘密とは!?」"", ""「養命酒は自律神経を整えるのに効果的!?交感神経と副交感神経って何!?」"", ""漢方の中でも、女性の月経トラブルや不妊治療に効果があると言われている「当帰芍薬散」。その当帰芍薬散、効果はもちろんあるのですが、その一方で「副作用が..."", ""健康志向が高まっている昨今、女性のダイエットや健康促進を助けてくれる食べ物として、いわゆる「スーパーフード」と呼ばれる食べ物が注目されています。そん..."", ""風邪の引きはじめ・筋肉痛・インフルエンザなどに効くと言われている「葛根湯（かっこんとう）」葛根湯を含む「漢方薬」は、・副作用が少ない..."", ""ダイエットに取り組む方や糖尿病を患っている方の間で、「砂糖の代わりになる甘味料」として注目を浴びている「ラカント」。砂糖と置き換えることで、甘さはそ..."", ""仕事や勉強でちょっと疲れた時や、「気分をリフレッシュしたい」という時にリアルゴールドを飲んでいる方も多いのではないでしょうか？エナジードリンクとして..."", ""大好きな方も多い「オレンジジュース」。スーパーやコンビニに行けば、必ずと言って良いほど置いてありますし、飲食店に行ってもほぼ必ずメニューに組み込まれ..."", ""「甘党」という言葉は誰もが知っているかと思うのですが、甘党とは逆で「辛党」という言葉があることを、皆さんはご存知でしょうか？「甘いものが好き！」とい..."", ""目覚めと活力を与えてくれる「眠眠打破」シリーズ。その眠眠打破シリーズから、昨年2015年に「激強打破」という、ネーミングからしてかなり効果がありそう..."", ""風邪の症状に効果的だと言われている「葛根湯」。葛根湯は漢方の一種で、副作用が少ないことで知られているため、風邪を引いた時に服用する方も多いのではない..."", ""「副作用の心配がほとんどない」ということで有名な「葛根湯」。ところが、「副作用がある」なんていう、漢方薬の常識が覆ってしまそうな噂がささやかれている..."", ""Copyright(C)2018健康美人AllRightsReserved.""]"
